Workbook

Sheet CREATIE
C1: (standaard = container) | G1: (2020-04-20) | H1: (12:00) | P1: indien vrachtlijst | Q1: indien vrachtlijst | R1: indien vrachtlijst | S1: indien vrachtlijst | T1: indien vrachtlijst | U1: indien vrachtlijst | V1: indien T1/MZL | W1: indien T1/MZL | X1: indien T1/MZL
A2: TemplateCode | B2: ActiveCompany | C2: referte (vak 7) | D2: Afzender | E2: Opdrachtgever | F2: contact | G2: Gewenste datum insturen AangifteDatum | H2: Gewenste uur insturen AangifteTijd | I2: Container | J2: Aantal Verpakkingen | K2: Type Verpakkingen | L2: GoederenCode | M2: Goederen omschrijving | N2: BrutoGewicht | O2: netto gewicht | P2: Vrachtlijst | Q2: Lloydsnummer | R2: BillOfLading | S2: Artikel | T2: Item | U2: CarrierCode Agentcode | V2: Voorafg doc type | W2: Voorafg document | X2: datum voorafg document | Y2: Kaai | Z2: Schip | AA2: Merken en nummers | AB2: SchipLandcode | AC2: Bestemmeling Naam | AD2: Bestemmeling Straat | AE2: BestemmelingPostcode | AF2: BestemmelingPlaats | AG2: BestemmelingLand | AH2: DouanekantoorBestemming | AI2: LandVanVertrek | AJ2: GrensTransportMode | AK2: InlandTransportMode | AL2: InlandTransportIdentiteit | AM2: Boekingsref | AN2: ZEGEL | AO2: VIN | AP2: KvB | AQ2: HS CODE
A3: EMPTYSIMPT1 | B3: PORTMAD869 | C3: =DATA!N2 -> 25001620 | D3: =E3 -> SKIIFM_AT | E3: =IF(I3<>"",VLOOKUP(F3,OPDRACHTGEVER!$A$2:$B$4,2,FALSE),"") -> SKIIFM_AT | F3: IMPORT | I3: =IF(DATA!B2<>"",DATA!B2,"") -> MSMU8240149 | J3: 559 | K3: PK | L3: =LEFT(AQ3,6) -> 841480 | M3: =IF(I3<>"",DATA!E2,"") -> AIR COMPRESSOR | N3: 6931 | O3: =IF(I3<>"",DATA!C2,"") -> 13.75 | P3: 294094 | Q3: L9839260 | R3: MEDUGQ090136 | S3: 208 | T3: 1 | U3: MSCBEL | Y3: 1700 | Z3: TBN | AA3: =IF(I3<>"",Y3&" - "&Z3,"") -> 1700 - TBN | AC3: D&G EXPRESS LOGISTICS | AD3: =IF($I3<>"",VLOOKUP($AC3,GEADRESSEERDE!$A$2:$E$4,2,),"") -> LUITHAGEN HAVEN 2 D | AE3: =IF($I3<>"",VLOOKUP($AC3,GEADRESSEERDE!$A$2:$E$4,3,),"") -> 2030 | AF3: =IF($I3<>"",VLOOKUP($AC3,GEADRESSEERDE!$A$2:$E$4,4,),"") -> ANTWERPEN | AG3: =IF($I3<>"",VLOOKUP($AC3,GEADRESSEERDE!$A$2:$E$4,5,),"") -> BE | AH3: =IF(I3<>"",VLOOKUP(AP3,KvB!$A$2:$B$3,2,FALSE),"") -> BE101000 | AI3: CN | AP3: ANTWERPEN | AQ3: =IF(I3<>"",DATA!D2,"") -> 8414808090
A4: EMPTYSIMPT1 | B4: PORTMAD869 | C4: =C3 -> 25001620 | D4: =E4 -> SKIIFM_AT | E4: =IF(I4<>"",VLOOKUP(F4,OPDRACHTGEVER!$A$2:$B$4,2,FALSE),"") -> SKIIFM_AT | F4: IMPORT | I4: =IF(DATA!B3<>"",DATA!B3,"") -> MSMU8240149 | J4: 0 | K4: PK | L4: =LEFT(AQ4,6) -> 841239 | M4: =IF(I4<>"",DATA!E3,"") -> AIR PRESSURE KIT BRAKE | N4: 0 | O4: =IF(I4<>"",DATA!C3,"") -> 15 | P4: 294094 | Q4: L9839260 | R4: MEDUGQ090136 | S4: 208 | T4: 1 | U4: MSCBEL | Y4: 1700 | Z4: TBN | AA4: =IF(I4<>"",Y4&" - "&Z4,"") -> 1700 - TBN | AC4: D&G EXPRESS LOGISTICS | AD4: =IF($I4<>"",VLOOKUP($AC4,GEADRESSEERDE!$A$2:$E$4,2,),"") -> LUITHAGEN HAVEN 2 D | AE4: =IF($I4<>"",VLOOKUP($AC4,GEADRESSEERDE!$A$2:$E$4,3,),"") -> 2030 | AF4: =IF($I4<>"",VLOOKUP($AC4,GEADRESSEERDE!$A$2:$E$4,4,),"") -> ANTWERPEN | AG4: =IF($I4<>"",VLOOKUP($AC4,GEADRESSEERDE!$A$2:$E$4,5,),"") -> BE | AH4: =IF(I4<>"",VLOOKUP(AP4,KvB!$A$2:$B$3,2,FALSE),"") -> BE101000 | AI4: CN | AP4: ANTWERPEN | AQ4: =IF(I4<>"",DATA!D3,"") -> 8412390090
A5: EMPTYSIMPT1 | B5: PORTMAD869 | C5: =C4 -> 25001620 | D5: =E5 -> SKIIFM_AT | E5: =IF(I5<>"",VLOOKUP(F5,OPDRACHTGEVER!$A$2:$B$4,2,FALSE),"") -> SKIIFM_AT | F5: IMPORT | I5: =IF(DATA!B4<>"",DATA!B4,"") -> MSMU8240149 | J5: 0 | K5: PK | L5: =LEFT(AQ5,6) -> 741920 | M5: =IF(I5<>"",DATA!E4,"") -> ALUMINUM LADDER | N5: 0 | O5: =IF(I5<>"",DATA!C4,"") -> 15.65 | P5: 294094 | Q5: L9839260 | R5: MEDUGQ090136 | S5: 208 | T5: 1 | U5: MSCBEL | Y5: 1700 | Z5: TBN | AA5: =IF(I5<>"",Y5&" - "&Z5,"") -> 1700 - TBN | AC5: D&G EXPRESS LOGISTICS | AD5: =IF($I5<>"",VLOOKUP($AC5,GEADRESSEERDE!$A$2:$E$4,2,),"") -> LUITHAGEN HAVEN 2 D | AE5: =IF($I5<>"",VLOOKUP($AC5,GEADRESSEERDE!$A$2:$E$4,3,),"") -> 2030 | AF5: =IF($I5<>"",VLOOKUP($AC5,GEADRESSEERDE!$A$2:$E$4,4,),"") -> ANTWERPEN | AG5: =IF($I5<>"",VLOOKUP($AC5,GEADRESSEERDE!$A$2:$E$4,5,),"") -> BE | AH5: =IF(I5<>"",VLOOKUP(AP5,KvB!$A$2:$B$3,2,FALSE),"") -> BE101000 | AI5: CN | AP5: ANTWERPEN | AQ5: =IF(I5<>"",DATA!D4,"") -> 7419200090
A6: EMPTYSIMPT1 | B6: PORTMAD869 | C6: =C5 -> 25001620 | D6: =E6 -> SKIIFM_AT | E6: =IF(I6<>"",VLOOKUP(F6,OPDRACHTGEVER!$A$2:$B$4,2,FALSE),"") -> SKIIFM_AT | F6: IMPORT | I6: =IF(DATA!B5<>"",DATA!B5,"") -> MSMU8240149 | J6: 0 | K6: PK | L6: =LEFT(AQ6,6) -> 401699 | M6: =IF(I6<>"",DATA!E5,"") -> CABLE PROTECTOR | N6: 0 | O6: =IF(I6<>"",DATA!C5,"") -> 175.25 | P6: 294094 | Q6: L9839260 | R6: MEDUGQ090136 | S6: 208 | T6: 1 | U6: MSCBEL | Y6: 1700 | Z6: TBN | AA6: =IF(I6<>"",Y6&" - "&Z6,"") -> 1700 - TBN | AC6: D&G EXPRESS LOGISTICS | AD6: =IF($I6<>"",VLOOKUP($AC6,GEADRESSEERDE!$A$2:$E$4,2,),"") -> LUITHAGEN HAVEN 2 D | AE6: =IF($I6<>"",VLOOKUP($AC6,GEADRESSEERDE!$A$2:$E$4,3,),"") -> 2030 | AF6: =IF($I6<>"",VLOOKUP($AC6,GEADRESSEERDE!$A$2:$E$4,4,),"") -> ANTWERPEN | AG6: =IF($I6<>"",VLOOKUP($AC6,GEADRESSEERDE!$A$2:$E$4,5,),"") -> BE | AH6: =IF(I6<>"",VLOOKUP(AP6,KvB!$A$2:$B$3,2,FALSE),"") -> BE101000 | AI6: CN | AP6: ANTWERPEN | AQ6: =IF(I6<>"",DATA!D5,"") -> 4016999790
A7: EMPTYSIMPT1 | B7: PORTMAD869 | C7: =C6 -> 25001620 | D7: =E7 -> SKIIFM_AT | E7: =IF(I7<>"",VLOOKUP(F7,OPDRACHTGEVER!$A$2:$B$4,2,FALSE),"") -> SKIIFM_AT | F7: IMPORT | I7: =IF(DATA!B6<>"",DATA!B6,"") -> MSMU8240149 | J7: 0 | K7: PK | L7: =LEFT(AQ7,6) -> 761090 | M7: =IF(I7<>"",DATA!E6,"") -> CANOPY | N7: 0 | O7: =IF(I7<>"",DATA!C6,"") -> 15.55 | P7: 294094 | Q7: L9839260 | R7: MEDUGQ090136 | S7: 208 | T7: 1 | U7: MSCBEL | Y7: 1700 | Z7: TBN | AA7: =IF(I7<>"",Y7&" - "&Z7,"") -> 1700 - TBN | AC7: D&G EXPRESS LOGISTICS | AD7: =IF($I7<>"",VLOOKUP($AC7,GEADRESSEERDE!$A$2:$E$4,2,),"") -> LUITHAGEN HAVEN 2 D | AE7: =IF($I7<>"",VLOOKUP($AC7,GEADRESSEERDE!$A$2:$E$4,3,),"") -> 2030 | AF7: =IF($I7<>"",VLOOKUP($AC7,GEADRESSEERDE!$A$2:$E$4,4,),"") -> ANTWERPEN | AG7: =IF($I7<>"",VLOOKUP($AC7,GEADRESSEERDE!$A$2:$E$4,5,),"") -> BE | AH7: =IF(I7<>"",VLOOKUP(AP7,KvB!$A$2:$B$3,2,FALSE),"") -> BE101000 | AI7: CN | AP7: ANTWERPEN | AQ7: =IF(I7<>"",DATA!D6,"") -> 7610909095
A8: EMPTYSIMPT1 | B8: PORTMAD869 | C8: =C7 -> 25001620 | D8: =E8 -> SKIIFM_AT | E8: =IF(I8<>"",VLOOKUP(F8,OPDRACHTGEVER!$A$2:$B$4,2,FALSE),"") -> SKIIFM_AT | F8: IMPORT | I8: =IF(DATA!B7<>"",DATA!B7,"") -> MSMU8240149 | J8: 0 | K8: PK | L8: =LEFT(AQ8,6) -> 903289 | M8: =IF(I8<>"",DATA!E7,"") -> CARBON DIOXIDE REGULATING GAS METER | N8: 0 | O8: =IF(I8<>"",DATA!C7,"") -> 5.4 | P8: 294094 | Q8: L9839260 | R8: MEDUGQ090136 | S8: 208 | T8: 1 | U8: MSCBEL | Y8: 1700 | Z8: TBN | AA8: =IF(I8<>"",Y8&" - "&Z8,"") -> 1700 - TBN | AC8: D&G EXPRESS LOGISTICS | AD8: =IF($I8<>"",VLOOKUP($AC8,GEADRESSEERDE!$A$2:$E$4,2,),"") -> LUITHAGEN HAVEN 2 D | AE8: =IF($I8<>"",VLOOKUP($AC8,GEADRESSEERDE!$A$2:$E$4,3,),"") -> 2030 | AF8: =IF($I8<>"",VLOOKUP($AC8,GEADRESSEERDE!$A$2:$E$4,4,),"") -> ANTWERPEN | AG8: =IF($I8<>"",VLOOKUP($AC8,GEADRESSEERDE!$A$2:$E$4,5,),"") -> BE | AH8: =IF(I8<>"",VLOOKUP(AP8,KvB!$A$2:$B$3,2,FALSE),"") -> BE101000 | AI8: CN | AP8: ANTWERPEN | AQ8: =IF(I8<>"",DATA!D7,"") -> 9032890090
A9: EMPTYSIMPT1 | B9: PORTMAD869 | C9: =C8 -> 25001620 | D9: =E9 -> SKIIFM_AT | E9: =IF(I9<>"",VLOOKUP(F9,OPDRACHTGEVER!$A$2:$B$4,2,FALSE),"") -> SKIIFM_AT | F9: IMPORT | I9: =IF(DATA!B8<>"",DATA!B8,"") -> MSMU8240149 | J9: 0 | K9: PK | L9: =LEFT(AQ9,6) -> 871680 | M9: =IF(I9<>"",DATA!E8,"") -> CART | N9: 0 | O9: =IF(I9<>"",DATA!C8,"") -> 35.4 | P9: 294094 | Q9: L9839260 | R9: MEDUGQ090136 | S9: 208 | T9: 1 | U9: MSCBEL | Y9: 1700 | Z9: TBN | AA9: =IF(I9<>"",Y9&" - "&Z9,"") -> 1700 - TBN | AC9: D&G EXPRESS LOGISTICS | AD9: =IF($I9<>"",VLOOKUP($AC9,GEADRESSEERDE!$A$2:$E$4,2,),"") -> LUITHAGEN HAVEN 2 D | AE9: =IF($I9<>"",VLOOKUP($AC9,GEADRESSEERDE!$A$2:$E$4,3,),"") -> 2030 | AF9: =IF($I9<>"",VLOOKUP($AC9,GEADRESSEERDE!$A$2:$E$4,4,),"") -> ANTWERPEN | AG9: =IF($I9<>"",VLOOKUP($AC9,GEADRESSEERDE!$A$2:$E$4,5,),"") -> BE | AH9: =IF(I9<>"",VLOOKUP(AP9,KvB!$A$2:$B$3,2,FALSE),"") -> BE101000 | AI9: CN | AP9: ANTWERPEN | AQ9: =IF(I9<>"",DATA!D8,"") -> 8716800000
A10: EMPTYSIMPT1 | B10: PORTMAD869 | C10: =C9 -> 25001620 | D10: =E10 -> SKIIFM_AT | E10: =IF(I10<>"",VLOOKUP(F10,OPDRACHTGEVER!$A$2:$B$4,2,FALSE),"") -> SKIIFM_AT | F10: IMPORT | I10: =IF(DATA!B9<>"",DATA!B9,"") -> MSMU8240149 | J10: 0 | K10: PK | L10: =LEFT(AQ10,6) -> 845959 | M10: =IF(I10<>"",DATA!E9,"") -> CHAIN SAW BRACKET | N10: 0 | O10: =IF(I10<>"",DATA!C9,"") -> 27 | P10: 294094 | Q10: L9839260 | R10: MEDUGQ090136 | S10: 208 | T10: 1 | U10: MSCBEL | Y10: 1700 | Z10: TBN | AA10: =IF(I10<>"",Y10&" - "&Z10,"") -> 1700 - TBN | AC10: D&G EXPRESS LOGISTICS | AD10: =IF($I10<>"",VLOOKUP($AC10,GEADRESSEERDE!$A$2:$E$4,2,),"") -> LUITHAGEN HAVEN 2 D | AE10: =IF($I10<>"",VLOOKUP($AC10,GEADRESSEERDE!$A$2:$E$4,3,),"") -> 2030 | AF10: =IF($I10<>"",VLOOKUP($AC10,GEADRESSEERDE!$A$2:$E$4,4,),"") -> ANTWERPEN | AG10: =IF($I10<>"",VLOOKUP($AC10,GEADRESSEERDE!$A$2:$E$4,5,),"") -> BE | AH10: =IF(I10<>"",VLOOKUP(AP10,KvB!$A$2:$B$3,2,FALSE),"") -> BE101000 | AI10: CN | AP10: ANTWERPEN | AQ10: =IF(I10<>"",DATA!D9,"") -> 8459590000
A11: EMPTYSIMPT1 | B11: PORTMAD869 | C11: =C10 -> 25001620 | D11: =E11 -> SKIIFM_AT | E11: =IF(I11<>"",VLOOKUP(F11,OPDRACHTGEVER!$A$2:$B$4,2,FALSE),"") -> SKIIFM_AT | F11: IMPORT | I11: =IF(DATA!B10<>"",DATA!B10,"") -> MSMU8240149 | J11: 0 | K11: PK | L11: =LEFT(AQ11,6) -> 846693 | M11: =IF(I11<>"",DATA!E10,"") -> CNC ROUTER RAIL | N11: 0 | O11: =IF(I11<>"",DATA!C10,"") -> 94 | P11: 294094 | Q11: L9839260 | R11: MEDUGQ090136 | S11: 208 | T11: 1 | U11: MSCBEL | Y11: 1700 | Z11: TBN | AA11: =IF(I11<>"",Y11&" - "&Z11,"") -> 1700 - TBN | AC11: D&G EXPRESS LOGISTICS | AD11: =IF($I11<>"",VLOOKUP($AC11,GEADRESSEERDE!$A$2:$E$4,2,),"") -> LUITHAGEN HAVEN 2 D | AE11: =IF($I11<>"",VLOOKUP($AC11,GEADRESSEERDE!$A$2:$E$4,3,),"") -> 2030 | AF11: =IF($I11<>"",VLOOKUP($AC11,GEADRESSEERDE!$A$2:$E$4,4,),"") -> ANTWERPEN | AG11: =IF($I11<>"",VLOOKUP($AC11,GEADRESSEERDE!$A$2:$E$4,5,),"") -> BE | AH11: =IF(I11<>"",VLOOKUP(AP11,KvB!$A$2:$B$3,2,FALSE),"") -> BE101000 | AI11: CN | AP11: ANTWERPEN | AQ11: =IF(I11<>"",DATA!D10,"") -> 8466934000
A12: EMPTYSIMPT1 | B12: PORTMAD869 | C12: =C11 -> 25001620 | D12: =E12 -> SKIIFM_AT | E12: =IF(I12<>"",VLOOKUP(F12,OPDRACHTGEVER!$A$2:$B$4,2,FALSE),"") -> SKIIFM_AT | F12: IMPORT | I12: =IF(DATA!B11<>"",DATA!B11,"") -> MSMU8240149 | J12: 0 | K12: PK | L12: =LEFT(AQ12,6) -> 741920 | M12: =IF(I12<>"",DATA!E11,"") -> E-TRACK | N12: 0 | O12: =IF(I12<>"",DATA!C11,"") -> 15.9 | P12: 294094 | Q12: L9839260 | R12: MEDUGQ090136 | S12: 208 | T12: 1 | U12: MSCBEL | Y12: 1700 | Z12: TBN | AA12: =IF(I12<>"",Y12&" - "&Z12,"") -> 1700 - TBN | AC12: D&G EXPRESS LOGISTICS | AD12: =IF($I12<>"",VLOOKUP($AC12,GEADRESSEERDE!$A$2:$E$4,2,),"") -> LUITHAGEN HAVEN 2 D | AE12: =IF($I12<>"",VLOOKUP($AC12,GEADRESSEERDE!$A$2:$E$4,3,),"") -> 2030 | AF12: =IF($I12<>"",VLOOKUP($AC12,GEADRESSEERDE!$A$2:$E$4,4,),"") -> ANTWERPEN | AG12: =IF($I12<>"",VLOOKUP($AC12,GEADRESSEERDE!$A$2:$E$4,5,),"") -> BE | AH12: =IF(I12<>"",VLOOKUP(AP12,KvB!$A$2:$B$3,2,FALSE),"") -> BE101000 | AI12: CN | AP12: ANTWERPEN | AQ12: =IF(I12<>"",DATA!D11,"") -> 7419200090
A13: EMPTYSIMPT1 | B13: PORTMAD869 | C13: =C12 -> 25001620 | D13: =E13 -> SKIIFM_AT | E13: =IF(I13<>"",VLOOKUP(F13,OPDRACHTGEVER!$A$2:$B$4,2,FALSE),"") -> SKIIFM_AT | F13: IMPORT | I13: =IF(DATA!B12<>"",DATA!B12,"") -> MSMU8240149 | J13: 0 | K13: PK | L13: =LEFT(AQ13,6) -> 761090 | M13: =IF(I13<>"",DATA!E12,"") -> EXHIBITION STAND | N13: 0 | O13: =IF(I13<>"",DATA!C12,"") -> 2.4 | P13: 294094 | Q13: L9839260 | R13: MEDUGQ090136 | S13: 208 | T13: 1 | U13: MSCBEL | Y13: 1700 | Z13: TBN | AA13: =IF(I13<>"",Y13&" - "&Z13,"") -> 1700 - TBN | AC13: D&G EXPRESS LOGISTICS | AD13: =IF($I13<>"",VLOOKUP($AC13,GEADRESSEERDE!$A$2:$E$4,2,),"") -> LUITHAGEN HAVEN 2 D | AE13: =IF($I13<>"",VLOOKUP($AC13,GEADRESSEERDE!$A$2:$E$4,3,),"") -> 2030 | AF13: =IF($I13<>"",VLOOKUP($AC13,GEADRESSEERDE!$A$2:$E$4,4,),"") -> ANTWERPEN | AG13: =IF($I13<>"",VLOOKUP($AC13,GEADRESSEERDE!$A$2:$E$4,5,),"") -> BE | AH13: =IF(I13<>"",VLOOKUP(AP13,KvB!$A$2:$B$3,2,FALSE),"") -> BE101000 | AI13: CN | AP13: ANTWERPEN | AQ13: =IF(I13<>"",DATA!D12,"") -> 7610909095
A14: EMPTYSIMPT1 | B14: PORTMAD869 | C14: =C13 -> 25001620 | D14: =E14 -> SKIIFM_AT | E14: =IF(I14<>"",VLOOKUP(F14,OPDRACHTGEVER!$A$2:$B$4,2,FALSE),"") -> SKIIFM_AT | F14: IMPORT | I14: =IF(DATA!B13<>"",DATA!B13,"") -> MSMU8240149 | J14: 0 | K14: PK | L14: =LEFT(AQ14,6) -> 853110 | M14: =IF(I14<>"",DATA!E13,"") -> GLASS FIBER | N14: 0 | O14: =IF(I14<>"",DATA!C13,"") -> 5.55 | P14: 294094 | Q14: L9839260 | R14: MEDUGQ090136 | S14: 208 | T14: 1 | U14: MSCBEL | Y14: 1700 | Z14: TBN | AA14: =IF(I14<>"",Y14&" - "&Z14,"") -> 1700 - TBN | AC14: D&G EXPRESS LOGISTICS | AD14: =IF($I14<>"",VLOOKUP($AC14,GEADRESSEERDE!$A$2:$E$4,2,),"") -> LUITHAGEN HAVEN 2 D | AE14: =IF($I14<>"",VLOOKUP($AC14,GEADRESSEERDE!$A$2:$E$4,3,),"") -> 2030 | AF14: =IF($I14<>"",VLOOKUP($AC14,GEADRESSEERDE!$A$2:$E$4,4,),"") -> ANTWERPEN | AG14: =IF($I14<>"",VLOOKUP($AC14,GEADRESSEERDE!$A$2:$E$4,5,),"") -> BE | AH14: =IF(I14<>"",VLOOKUP(AP14,KvB!$A$2:$B$3,2,FALSE),"") -> BE101000 | AI14: CN | AP14: ANTWERPEN | AQ14: =IF(I14<>"",DATA!D13,"") -> 8531109590
A15: EMPTYSIMPT1 | B15: PORTMAD869 | C15: =C14 -> 25001620 | D15: =E15 -> SKIIFM_AT | E15: =IF(I15<>"",VLOOKUP(F15,OPDRACHTGEVER!$A$2:$B$4,2,FALSE),"") -> SKIIFM_AT | F15: IMPORT | I15: =IF(DATA!B14<>"",DATA!B14,"") -> MSMU8240149 | J15: 0 | K15: PK | L15: =LEFT(AQ15,6) -> 741920 | M15: =IF(I15<>"",DATA!E14,"") -> HYDRAULIC OPENING DEVICE | N15: 0 | O15: =IF(I15<>"",DATA!C14,"") -> 96.75 | P15: 294094 | Q15: L9839260 | R15: MEDUGQ090136 | S15: 208 | T15: 1 | U15: MSCBEL | Y15: 1700 | Z15: TBN | AA15: =IF(I15<>"",Y15&" - "&Z15,"") -> 1700 - TBN | AC15: D&G EXPRESS LOGISTICS | AD15: =IF($I15<>"",VLOOKUP($AC15,GEADRESSEERDE!$A$2:$E$4,2,),"") -> LUITHAGEN HAVEN 2 D | AE15: =IF($I15<>"",VLOOKUP($AC15,GEADRESSEERDE!$A$2:$E$4,3,),"") -> 2030 | AF15: =IF($I15<>"",VLOOKUP($AC15,GEADRESSEERDE!$A$2:$E$4,4,),"") -> ANTWERPEN | AG15: =IF($I15<>"",VLOOKUP($AC15,GEADRESSEERDE!$A$2:$E$4,5,),"") -> BE | AH15: =IF(I15<>"",VLOOKUP(AP15,KvB!$A$2:$B$3,2,FALSE),"") -> BE101000 | AI15: CN | AP15: ANTWERPEN | AQ15: =IF(I15<>"",DATA!D14,"") -> 7419200090
... A1965: EMPTYSIMPT1 | B1965: PORTMAD869 | C1965: =C1964 -> 25001620 | D1965: =E1965 -> SKIIFM_AT | E1965: =IF(I1965<>"",VLOOKUP(F1965,OPDRACHTGEVER!$A$2:$B$4,2,FALSE),"") -> SKIIFM_AT | F1965: IMPORT | I1965: =IF(DATA!B1964<>"",DATA!B1964,"") -> MSMU6210269 | J1965: 0 | K1965: PK | L1965: =LEFT(AQ1965,6) -> 847989 | M1965: =IF(I1965<>"",DATA!E1964,"") -> ULTRASONIC JEWELRY CLEANER | N1965: 0 | O1965: =IF(I1965<>"",DATA!C1964,"") -> 541.77 | P1965: 294094 | Q1965: L9839260 | R1965: MEDUYZ214402 | S1965: 293 | T1965: 1 | U1965: MSCBEL | Y1965: 1700 | Z1965: TBN | AA1965: =IF(I1965<>"",Y1965&" - "&Z1965,"") -> 1700 - TBN | AC1965: D&G EXPRESS LOGISTICS | AD1965: =IF($I1965<>"",VLOOKUP($AC1965,GEADRESSEERDE!$A$2:$E$4,2,),"") -> LUITHAGEN HAVEN 2 D | AE1965: =IF($I1965<>"",VLOOKUP($AC1965,GEADRESSEERDE!$A$2:$E$4,3,),"") -> 2030 | AF1965: =IF($I1965<>"",VLOOKUP($AC1965,GEADRESSEERDE!$A$2:$E$4,4,),"") -> ANTWERPEN | AG1965: =IF($I1965<>"",VLOOKUP($AC1965,GEADRESSEERDE!$A$2:$E$4,5,),"") -> BE | AH1965: =IF(I1965<>"",VLOOKUP(AP1965,KvB!$A$2:$B$3,2,FALSE),"") -> BE101000 | AI1965: CN | AP1965: ANTWERPEN | AQ1965: =IF(I1965<>"",DATA!D1964,"") -> 8479899790

Sheet DATA
A1: OUR REF | B1: CONTAINERNO | C1: GROSSWGT | D1: COCOIMPORT | E1: DESC | F1: QTY | G1: PCKQTY | K1: AANTAL COLLI BL | N1: referentie opdracht
A2: WD-125020309 | B2: MSMU8240149 | C2: 13.75 | D2: 8414808090 | E2: AIR COMPRESSOR | F2: 11 | G2: 11 | K2: 0 | N2: 25001620
A3: WD-125020309 | B3: MSMU8240149 | C3: 15 | D3: 8412390090 | E3: AIR PRESSURE KIT BRAKE | F3: 2 | G3: 2
A4: WD-125020309 | B4: MSMU8240149 | C4: 15.65 | D4: 7419200090 | E4: ALUMINUM LADDER | F4: 1 | G4: 1
A5: WD-125020309 | B5: MSMU8240149 | C5: 175.25 | D5: 4016999790 | E5: CABLE PROTECTOR | F5: 11 | G5: 11 | K5: TOTAAL GEWICHT
A6: WD-125020309 | B6: MSMU8240149 | C6: 15.55 | D6: 7610909095 | E6: CANOPY | F6: 5 | G6: 5 | K6: 0
A7: WD-125020309 | B7: MSMU8240149 | C7: 5.4 | D7: 9032890090 | E7: CARBON DIOXIDE REGULATING GAS METER | F7: 6 | G7: 6
A8: WD-125020309 | B8: MSMU8240149 | C8: 35.4 | D8: 8716800000 | E8: CART | F8: 3 | G8: 3
A9: WD-125020309 | B9: MSMU8240149 | C9: 27 | D9: 8459590000 | E9: CHAIN SAW BRACKET | F9: 4 | G9: 4
A10: WD-125020309 | B10: MSMU8240149 | C10: 94 | D10: 8466934000 | E10: CNC ROUTER RAIL | F10: 13 | G10: 13
A11: WD-125020309 | B11: MSMU8240149 | C11: 15.9 | D11: 7419200090 | E11: E-TRACK | F11: 1 | G11: 1
A12: WD-125020309 | B12: MSMU8240149 | C12: 2.4 | D12: 7610909095 | E12: EXHIBITION STAND | F12: 1 | G12: 1
A13: WD-125020309 | B13: MSMU8240149 | C13: 5.55 | D13: 8531109590 | E13: GLASS FIBER | F13: 3 | G13: 3
A14: WD-125020309 | B14: MSMU8240149 | C14: 96.75 | D14: 7419200090 | E14: HYDRAULIC OPENING DEVICE | F14: 5 | G14: 5
A15: WD-125020309 | B15: MSMU8240149 | C15: 68.25 | D15: 8302411000 | E15: IRON HANGING RAIL | F15: 5 | G15: 5
A16: WD-125020309 | B16: MSMU8240149 | C16: 10.2 | D16: 8538909189 | E16: KIT-ISOLATOR HARNESS | F16: 6 | G16: 6
A17: WD-125020309 | B17: MSMU8240149 | C17: 6.8 | D17: 8304000000 | E17: LITERTURE DISPLAY | F17: 4 | G17: 4
A18: WD-125020309 | B18: MSMU8240149 | C18: 81.55 | D18: 8543709099 | E18: METAL CHICKEN NEST BOX | F18: 5 | G18: 5
... A1964: WD-125020327 | B1964: MSMU6210269 | C1964: 541.77 | D1964: 8479899790 | E1964: ULTRASONIC JEWELRY CLEANER | F1964: 136 | G1964: 136

Sheet OPDRACHTGEVER
A1: CONTACT | B1: OPDRACHTGEVER
A2: IMPORT | B2: SKIIFM_AT | C2: shipping.bln@skygroup.nl,operation02@skygroup.nl,Operation11@skygroup.nl,Operation10@skygroup.nl,operation15@skygroup.nl,operation09@skygroup.nl,operation19@skygroup.nl,operation12@skygroup.nl,operation23@skygroup.nl,operation25@skygroup.nl,operation24@skygroup.nl,operation04@skygroup.nl,operation37@skygroup.nl,operation08@skygroup.nl,operation34@skygroup.nl

Sheet KvB
A1: DOUANEKANTOREN
A2: ANTWERPEN | B2: BE101000

Sheet GEADRESSEERDE
A1: BestemmelingNaam | B1: BestemmelingStraat | C1: BestemmelingPostcode | D1: BestemmelingPlaats | E1: BestemmelingLand
A2: KEURPUNT | B2: Noordkaai 9 | C2: 2170 | D2: ANTWERPEN | E2: BE
A3: D&G EXPRESS LOGISTICS | B3: LUITHAGEN HAVEN 2 D | C3: 2030 | D3: ANTWERPEN | E3: BE
